City_ID,City,Country,Date,Lat,Lng,Max Temp,Humidity,Cloudiness,Wind Speed
0,Jamestown,US,2022-07-31 23:11:48,42.097,-79.2353,78.03,49,20,8.05
1,Ushuaia,AR,2022-07-31 23:10:12,-54.8,-68.3,38.86,93,40,8.05
2,Ocos,GT,2022-07-31 23:11:48,14.5094,-92.1933,86.18,87,96,16.22
3,Albany,US,2022-07-31 23:11:49,42.6001,-73.9662,79.52,60,99,4.29
4,Mnogovershinnyy,RU,2022-07-31 23:11:49,53.9353,139.9242,67.5,71,37,5.75
5,Pontes E Lacerda,BR,2022-07-31 23:11:49,-15.2261,-59.3353,76.75,31,1,1.12
6,General Roca,AR,2022-07-31 23:11:49,-39.0333,-67.5833,52.02,48,99,2.89
7,Hihya,EG,2022-07-31 23:11:50,30.6713,31.588,73.96,91,0,5.03
8,Parasia,IN,2022-07-31 23:11:50,22.2,78.7667,72.12,90,98,5.28
9,Nikita,UA,2022-07-31 23:11:50,44.5333,34.2333,65.88,68,0,8.84
10,Dingle,PH,2022-07-31 23:11:51,10.9995,122.6711,78.01,84,100,1.63
11,Mataura,NZ,2022-07-31 23:11:51,-46.1927,168.8643,46.47,86,24,5.75
12,New Norfolk,AU,2022-07-31 23:11:51,-42.7826,147.0587,49.91,84,99,5.99
13,Kiruna,SE,2022-07-31 23:11:52,67.8557,20.2251,50.92,87,20,6.91
14,Avarua,CK,2022-07-31 23:11:39,-21.2078,-159.775,78.85,65,25,17.27
15,Victoria,HK,2022-07-31 23:10:32,22.2855,114.1577,86.38,80,7,4.0
16,Busselton,AU,2022-07-31 23:11:52,-33.65,115.3333,57.24,91,88,29.62
17,Butaritari,KI,2022-07-31 23:11:52,3.0707,172.7902,81.34,78,58,13.89
18,Kaeo,NZ,2022-07-31 23:11:53,-35.1,173.7833,61.32,75,18,5.39
19,Terrace Bay,CA,2022-07-31 23:11:53,48.7834,-87.1,54.77,87,93,6.49
20,Manggar,ID,2022-07-31 23:11:53,-2.8833,108.2667,80.19,81,99,9.73
21,Georgetown,MY,2022-07-31 23:11:54,5.4112,100.3354,80.89,87,40,2.3
22,Talara,PE,2022-07-31 23:11:54,-4.5772,-81.2719,63.75,84,15,16.62
23,Tiksi,RU,2022-07-31 23:11:24,71.6872,128.8694,42.08,94,100,14.05
24,Kapaa,US,2022-07-31 23:11:54,22.0752,-159.319,87.78,63,40,16.11
25,Tasiilaq,GL,2022-07-31 23:11:55,65.6145,-37.6368,44.76,50,43,5.53
26,Sakakah,SA,2022-07-31 23:11:55,29.9697,40.2064,91.58,17,61,7.38
27,Kimbe,PG,2022-07-31 23:11:55,-5.5502,150.1429,85.23,64,72,3.06
28,Almaznyy,RU,2022-07-31 23:11:55,48.0448,40.045,70.34,61,8,12.08
29,Ribeira Grande,PT,2022-07-31 23:11:56,38.5167,-28.7,74.12,73,16,2.91
30,Qaanaaq,GL,2022-07-31 23:09:35,77.484,-69.3632,46.33,60,66,1.41
31,Serra,BR,2022-07-31 23:11:56,-20.1286,-40.3078,71.06,78,100,3.44
32,Leon Valley,US,2022-07-31 23:11:56,29.4952,-98.6186,102.45,30,0,9.22
33,Bredasdorp,ZA,2022-07-31 23:11:57,-34.5322,20.0403,42.51,83,3,3.65
34,Port Augusta,AU,2022-07-31 23:11:57,-32.5,137.7667,48.49,74,0,5.73
35,Margate,GB,2022-07-31 23:11:57,51.3813,1.3862,66.9,90,97,3.0
36,Barrow,US,2022-07-31 23:11:58,71.2906,-156.7887,35.62,87,100,9.22
37,Mackay,AU,2022-07-31 23:11:58,-21.15,149.2,68.68,77,72,7.81
38,Cape Town,ZA,2022-07-31 23:11:58,-33.9258,18.4232,56.37,77,0,8.99
39,Leh,IN,2022-07-31 23:10:12,34.1667,77.5833,60.01,55,40,5.55
40,Fonte Boa,BR,2022-07-31 23:11:59,-2.4959,-66.2662,78.49,78,73,1.97
41,Nome,US,2022-07-31 23:09:23,64.5011,-165.4064,58.15,82,100,8.05
42,Tartagal,AR,2022-07-31 23:11:59,-22.5164,-63.8013,62.89,54,15,3.98
43,Port Alfred,ZA,2022-07-31 23:11:59,-33.5906,26.891,53.08,73,18,11.52
44,Lompoc,US,2022-07-31 23:07:20,34.6391,-120.4579,77.0,66,0,12.66
45,Vaini,TO,2022-07-31 23:12:00,-21.2,-175.2,80.76,89,75,8.05
46,Hobart,AU,2022-07-31 23:13:00,-42.8794,147.3294,50.25,71,75,13.8
47,Kismayo,SO,2022-07-31 23:13:00,-0.3582,42.5454,75.43,82,1,17.02
48,Imeni Poliny Osipenko,RU,2022-07-31 23:13:01,52.4201,136.4853,71.49,77,46,8.3
49,Castro,BR,2022-07-31 23:09:39,-24.7911,-50.0119,53.8,75,0,1.41
50,Mandalgovi,MN,2022-07-31 23:13:01,45.7625,106.2708,67.51,49,99,12.12
51,Lavrentiya,RU,2022-07-31 23:13:01,65.5833,-171.0,48.38,69,52,3.42
52,Cayenne,GF,2022-07-31 23:13:02,4.9333,-52.3333,83.08,1,40,0.0
53,Atuona,PF,2022-07-31 23:13:02,-9.8,-139.0333,76.87,75,12,14.5
54,Dikson,RU,2022-07-31 23:13:02,73.5069,80.5464,40.87,94,100,14.58
55,Arraial Do Cabo,BR,2022-07-31 23:13:03,-22.9661,-42.0278,68.5,66,0,9.28
56,Svetlyy,RU,2022-07-31 23:13:03,54.675,20.1347,64.45,92,100,7.45
57,Mar Del Plata,AR,2022-07-31 23:13:03,-38.0023,-57.5575,55.94,83,0,5.75
58,Hirara,JP,2022-07-31 23:13:03,24.8,125.2833,82.44,81,100,11.59
59,Drayton Valley,CA,2022-07-31 23:13:04,53.2168,-114.9854,67.48,84,95,6.15
60,Carnarvon,AU,2022-07-31 23:13:04,-24.8667,113.6333,69.6,57,100,10.25
61,Champerico,GT,2022-07-31 23:13:04,14.3,-91.9167,81.43,81,100,10.83
62,Rikitea,PF,2022-07-31 23:13:05,-23.1203,-134.9692,72.18,74,100,22.57
63,Ankang,CN,2022-07-31 23:13:05,32.68,109.0172,79.93,69,68,2.13
64,Meulaboh,ID,2022-07-31 23:13:05,4.1363,96.1285,76.3,88,96,4.92
65,Sinnamary,GF,2022-07-31 23:13:06,5.3833,-52.95,78.87,84,46,6.44
66,Nouadhibou,MR,2022-07-31 23:12:43,20.931,-17.0347,70.93,92,16,11.81
67,Padang,ID,2022-07-31 23:13:06,-0.9492,100.3543,77.41,86,100,3.29
68,Hermanus,ZA,2022-07-31 23:13:06,-34.4187,19.2345,39.79,72,2,6.64
69,Petropavlovsk-Kamchatskiy,RU,2022-07-31 23:12:36,53.0452,158.6483,57.79,72,75,4.47
70,San Isidro,PE,2022-07-31 23:13:07,-12.1167,-77.05,62.02,81,100,11.5
71,Bubaque,GW,2022-07-31 23:09:31,11.2833,-15.8333,79.52,78,97,16.02
72,Hithadhoo,MV,2022-07-31 23:13:07,-0.6,73.0833,80.47,74,100,16.08
73,Sabang,ID,2022-07-31 23:13:07,5.8933,95.3214,82.09,75,100,14.85
74,Vilhena,BR,2022-07-31 23:13:08,-12.7406,-60.1458,73.74,39,3,2.73
75,Bathsheba,BB,2022-07-31 23:11:18,13.2167,-59.5167,83.01,89,40,19.57
76,Qaqortoq,GL,2022-07-31 23:13:08,60.7167,-46.0333,47.97,87,74,3.02
77,Lata,PT,2022-07-31 23:13:08,40.1629,-8.3327,69.69,61,0,2.3
78,Tarrafal,CV,2022-07-31 23:13:09,15.2833,-23.7667,76.68,76,18,9.15
79,Cairns,AU,2022-07-31 23:11:29,-16.9167,145.7667,74.07,83,100,10.36
80,Upernavik,GL,2022-07-31 23:13:09,72.7868,-56.1549,50.41,66,96,1.12
81,Black River,JM,2022-07-31 23:13:09,18.0264,-77.8487,87.03,63,7,14.07
82,Casa Nova,BR,2022-07-31 23:13:10,-9.4167,-41.1333,82.27,40,33,20.33
83,Bambous Virieux,MU,2022-07-31 23:10:03,-20.3428,57.7575,68.22,71,13,13.42
84,Isangel,VU,2022-07-31 23:12:33,-19.55,169.2667,78.91,78,40,8.05
85,Oyama,JP,2022-07-31 23:13:10,36.3,139.8,87.58,66,94,0.34
86,Tuktoyaktuk,CA,2022-07-31 23:13:11,69.4541,-133.0374,50.94,74,67,10.85
87,Jalu,LY,2022-07-31 23:13:11,29.0331,21.5482,81.37,58,0,16.28
88,Puerto Quijarro,BO,2022-07-31 23:13:11,-17.7833,-57.7667,77.29,33,0,0.83
89,East London,ZA,2022-07-31 23:09:41,-33.0153,27.9116,54.77,63,5,8.5
90,Te Anau,NZ,2022-07-31 23:13:12,-45.4167,167.7167,42.73,95,83,6.6
91,Maningrida,AU,2022-07-31 23:13:12,-12.0667,134.2667,72.64,75,71,8.21
92,Provideniya,RU,2022-07-31 23:14:12,64.3833,-173.3,48.31,81,0,4.47
93,Ratnagiri,IN,2022-07-31 23:12:39,16.9833,73.3,80.35,86,93,7.36
94,Vondrozo,MG,2022-07-31 23:14:13,-22.8167,47.2833,58.42,98,32,2.04
95,Nikolskoye,RU,2022-07-31 23:14:13,59.7035,30.7861,57.09,82,100,3.6
96,Khatanga,RU,2022-07-31 23:14:13,71.9667,102.5,44.76,73,100,7.99
97,Geraldton,AU,2022-07-31 23:14:14,-28.7667,114.6,59.41,67,100,23.02
98,Minbu,MM,2022-07-31 23:14:14,20.1833,94.8833,80.58,79,100,7.05
99,Cidreira,BR,2022-07-31 23:14:14,-30.1811,-50.2056,59.23,87,89,9.8
100,Bluff,NZ,2022-07-31 23:14:15,-46.6,168.3333,46.8,76,51,15.17
101,Faanui,PF,2022-07-31 23:14:15,-16.4833,-151.75,78.82,71,12,25.88
102,Kui Buri,TH,2022-07-31 23:14:15,12.0828,99.8543,78.13,89,93,3.44
103,Antofagasta,CL,2022-07-31 23:14:15,-23.65,-70.4,56.48,86,58,7.31
104,Broome,US,2022-07-31 23:14:16,42.2506,-75.833,78.48,65,0,3.44
105,Cockburn Town,TC,2022-07-31 23:09:57,21.4612,-71.1419,82.36,78,40,16.11
106,Talnakh,RU,2022-07-31 23:14:16,69.4865,88.3972,45.21,70,20,16.02
107,Bud,US,2022-07-31 23:14:17,39.447,-86.1758,82.89,62,2,3.15
108,Kajaani,FI,2022-07-31 23:14:17,64.2273,27.7285,50.05,100,0,2.3
109,Saint George,US,2022-07-31 23:09:44,37.1041,-113.5841,87.64,46,20,12.66
110,Chuy,UY,2022-07-31 23:14:17,-33.6971,-53.4616,49.35,79,94,5.88
111,Filingue,NE,2022-07-31 23:14:18,14.3521,3.3168,83.07,53,100,9.1
112,Palmer,US,2022-07-31 23:14:18,42.1584,-72.3287,81.64,64,75,3.44
113,Hilo,US,2022-07-31 23:14:18,19.7297,-155.09,85.28,63,40,13.8
114,Krasnoselkup,RU,2022-07-31 23:14:18,65.7,82.4667,45.14,73,6,20.65
115,Luderitz,NA,2022-07-31 23:10:53,-26.6481,15.1594,58.6,51,0,9.35
116,Sao Filipe,CV,2022-07-31 23:11:20,14.8961,-24.4956,75.79,75,42,5.64
117,Clyde River,CA,2022-07-31 23:14:19,70.4692,-68.5914,37.63,93,75,8.05
118,Bima,ID,2022-07-31 23:14:19,-8.4667,118.7167,73.76,89,73,2.8
119,Sedalia,US,2022-07-31 23:14:20,38.7045,-93.2283,87.93,62,20,6.91
120,Vila Velha,BR,2022-07-31 23:09:48,-20.3297,-40.2925,71.55,83,100,3.44
121,Kodiak,US,2022-07-31 23:14:20,57.79,-152.4072,62.11,72,100,5.75
122,Neryungri,RU,2022-07-31 23:14:20,56.6709,124.6491,62.33,90,100,2.73
123,Ponta Do Sol,PT,2022-07-31 23:09:31,32.6667,-17.1,72.01,77,3,2.37
124,Pimentel,PE,2022-07-31 23:14:21,-6.8367,-79.9342,66.49,68,0,19.57
125,Bethel,US,2022-07-31 23:14:21,41.3712,-73.414,81.52,60,0,6.91
126,Castelo Do Piaui,BR,2022-07-31 23:14:21,-5.3222,-41.5525,77.9,64,97,3.06
127,Moose Factory,CA,2022-07-31 23:14:22,51.2585,-80.6094,57.18,94,100,6.91
128,Nago,JP,2022-07-31 23:14:22,26.5881,127.9761,81.03,90,100,15.75
129,Haines Junction,CA,2022-07-31 23:14:22,60.7522,-137.5108,64.35,59,95,6.91
130,Port Elizabeth,ZA,2022-07-31 23:14:22,-33.918,25.5701,48.31,83,3,1.99
131,Alofi,NU,2022-07-31 23:14:23,-19.0595,-169.9187,77.45,79,2,21.7
132,Hamilton,US,2022-07-31 23:14:23,39.1834,-84.5333,80.31,75,0,5.75
133,Lebedinyy,RU,2022-07-31 23:14:23,58.5167,125.5167,65.26,77,100,7.43
134,Belyy Yar,RU,2022-07-31 23:10:00,53.6039,91.3903,60.69,92,0,2.24
135,Peleduy,RU,2022-07-31 23:15:24,59.6289,112.7406,61.7,96,99,3.83
136,Codrington,AU,2022-07-31 23:15:24,-38.2667,141.9667,46.08,91,33,16.2
137,Boa Vista,BR,2022-07-31 23:15:24,2.8197,-60.6733,82.38,69,20,5.75
138,Leshukonskoye,RU,2022-07-31 23:15:25,64.8989,45.7622,57.92,98,99,2.73
139,Yulara,AU,2022-07-31 23:15:25,-25.2406,130.9889,49.86,42,39,9.42
140,Yellowknife,CA,2022-07-31 23:15:25,62.456,-114.3525,64.92,45,40,6.91
141,Sitka,US,2022-07-31 23:10:53,57.0531,-135.33,57.09,88,100,8.05
142,Klaksvik,FO,2022-07-31 23:15:26,62.2266,-6.589,50.4,85,28,12.57
143,Suntar,RU,2022-07-31 23:15:26,62.1444,117.6319,63.64,93,99,4.54
144,Tefe,BR,2022-07-31 23:15:26,-3.3542,-64.7114,84.31,79,0,3.44
145,Camana,PE,2022-07-31 23:15:26,-16.6228,-72.7111,59.99,81,61,5.19
146,Shyryayeve,UA,2022-07-31 23:15:27,47.3805,30.1964,67.46,74,96,10.0
147,Merrill,US,2022-07-31 23:15:27,45.1805,-89.6835,81.1,56,0,9.22
148,Dauphin,CA,2022-07-31 23:15:27,51.1494,-100.0502,69.94,68,75,4.61
149,Pisco,PE,2022-07-31 23:11:19,-13.7,-76.2167,60.85,82,100,6.91
150,Damghan,IR,2022-07-31 23:15:28,36.1683,54.348,77.45,40,78,1.52
151,Wichian Buri,TH,2022-07-31 23:15:28,15.6578,101.106,75.25,90,100,1.92
152,Teya,RU,2022-07-31 23:13:48,60.3778,92.6267,53.13,91,100,4.61
153,Saint-Pierre,RE,2022-07-31 23:13:07,-21.3393,55.4781,67.91,68,0,6.91
154,Karata,RU,2022-07-31 23:15:29,42.5949,46.3393,58.71,80,78,3.67
155,Chupa,RU,2022-07-31 23:15:29,66.27,33.0549,53.87,90,93,4.16
156,Punta Arenas,CL,2022-07-31 23:15:29,-53.15,-70.9167,42.12,75,100,11.23
157,Marsa Matruh,EG,2022-07-31 23:15:29,31.3525,27.2453,77.99,84,29,12.8
158,Tyrma,RU,2022-07-31 23:15:30,50.0833,132.1667,69.03,98,98,2.84
159,Vila Franca Do Campo,PT,2022-07-31 23:15:30,37.7167,-25.4333,72.01,82,71,4.07
160,Salalah,OM,2022-07-31 23:15:30,17.0151,54.0924,77.09,88,75,9.22
161,Dwarka,IN,2022-07-31 23:15:31,22.2394,68.9678,80.71,81,80,20.2
162,Sorong,ID,2022-07-31 23:15:31,-0.8833,131.25,78.06,86,80,4.59
163,Tudela,ES,2022-07-31 23:15:31,42.0617,-1.6045,72.5,72,0,11.03
164,Fortuna,US,2022-07-31 23:15:31,40.5982,-124.1573,70.93,77,0,9.22
165,Katsuura,JP,2022-07-31 23:15:32,35.1333,140.3,84.56,76,82,5.14
166,Mahina,PF,2022-07-31 23:15:32,-17.5065,-149.489,83.97,58,40,9.22
167,Sao Gabriel Da Cachoeira,BR,2022-07-31 23:15:32,-0.1303,-67.0892,77.38,85,78,0.43
168,Kavaratti,IN,2022-07-31 23:15:33,10.5669,72.642,80.44,80,100,23.89
169,Naze,JP,2022-07-31 23:15:33,28.3667,129.4833,81.52,84,100,20.71
170,Gavrilov-Yam,RU,2022-07-31 23:15:33,57.3018,39.8533,49.84,76,41,3.13
171,Rosarito,MX,2022-07-31 23:15:34,32.3333,-117.0333,88.66,61,20,8.97
172,Bani,DO,2022-07-31 23:15:34,18.2833,-70.3333,76.44,71,58,13.49
173,Ostrovnoy,RU,2022-07-31 23:15:34,68.0531,39.5131,56.1,79,87,5.35
174,Wuwei,CN,2022-07-31 23:15:35,37.9281,102.6414,70.29,67,37,5.91
175,Buin,CL,2022-07-31 23:15:35,-33.7333,-70.75,58.42,78,94,1.07
176,Dubbo,AU,2022-07-31 23:11:31,-32.25,148.6167,51.93,93,100,5.75
177,Mogadishu,SO,2022-07-31 23:15:35,2.0371,45.3438,75.87,84,13,16.89
178,Matehuala,MX,2022-07-31 23:15:36,23.65,-100.65,81.93,29,7,14.74
179,Asau,RO,2022-07-31 23:15:36,46.4333,26.4,61.72,94,95,6.2
180,Ilulissat,GL,2022-07-31 23:13:55,69.2167,-51.1,59.02,41,40,16.11
181,Puerto Ayora,EC,2022-07-31 23:15:36,-0.7393,-90.3518,72.55,87,85,5.99
182,Necochea,AR,2022-07-31 23:15:37,-38.5473,-58.7368,51.64,79,76,7.45
183,Kaitangata,NZ,2022-07-31 23:16:37,-46.2817,169.8464,41.95,77,7,7.31
184,Lebu,CL,2022-07-31 23:16:14,-37.6167,-73.65,47.01,83,95,5.3
185,Namatanai,PG,2022-07-31 23:13:54,-3.6667,152.4333,83.23,72,94,8.5
186,Pangnirtung,CA,2022-07-31 23:16:37,66.1451,-65.7125,49.44,79,99,1.43
187,Arvi,IN,2022-07-31 23:16:38,20.9833,78.2333,78.87,83,100,3.53
188,Port Lincoln,AU,2022-07-31 23:15:52,-34.7333,135.8667,53.98,77,3,12.48
189,Cozumel,MX,2022-07-31 23:16:38,20.5083,-86.9458,89.67,73,40,10.36
190,Mezen,RU,2022-07-31 23:16:38,65.8522,44.24,58.03,98,100,4.07
191,Alakurtti,RU,2022-07-31 23:16:39,66.9672,30.3491,53.46,99,100,2.04
192,San Quintin,MX,2022-07-31 23:16:39,30.4833,-115.95,76.17,60,26,10.27
193,Trairi,BR,2022-07-31 23:12:05,-3.2778,-39.2689,78.24,81,18,10.92
194,Synya,RU,2022-07-31 23:16:39,65.3718,58.0387,53.98,68,31,4.12
195,Hofn,IS,2022-07-31 23:16:40,64.2539,-15.2082,52.41,62,82,10.38
196,Tuy Hoa,VN,2022-07-31 23:16:29,13.0833,109.3,77.25,90,100,4.76
197,Coquimbo,CL,2022-07-31 23:16:40,-29.9533,-71.3436,55.13,94,40,6.91
198,Boyolangu,ID,2022-07-31 23:16:40,-8.1181,111.8935,69.58,91,82,0.69
199,Ouesso,CG,2022-07-31 23:16:41,1.6136,16.0517,72.43,82,98,2.75
200,Port Macquarie,AU,2022-07-31 23:16:41,-31.4333,152.9167,56.89,70,100,10.63
201,Riverton,US,2022-07-31 23:16:01,40.5219,-111.9391,99.64,22,0,8.99
202,Tura,IN,2022-07-31 23:16:41,25.5198,90.2201,73.65,99,100,5.75
203,Chokurdakh,RU,2022-07-31 23:16:42,70.6333,147.9167,70.77,47,100,12.46
204,Norman Wells,CA,2022-07-31 23:16:42,65.282,-126.8329,73.44,46,20,10.36
205,Andapa,MG,2022-07-31 23:16:42,-14.65,49.65,58.12,98,17,2.89
206,Teluknaga,ID,2022-07-31 23:16:43,-6.0989,106.6381,77.04,94,20,4.61
207,Hami,CN,2022-07-31 23:16:43,42.8,93.45,81.05,29,50,6.44
208,Menfi,IT,2022-07-31 23:16:43,37.6066,12.9678,76.48,87,0,5.99
209,Qingdao,CN,2022-07-31 23:16:43,36.0986,120.3719,78.4,94,40,11.18
210,Kodinsk,RU,2022-07-31 23:16:44,58.6881,99.1844,64.76,88,57,2.89
211,Kahului,US,2022-07-31 23:16:44,20.8947,-156.47,89.62,49,20,19.57
212,Kampong Chhnang,KH,2022-07-31 23:16:44,12.1667,104.55,75.78,94,100,3.15
213,Mangrol,IN,2022-07-31 23:16:45,21.1167,70.1167,80.83,82,87,15.75
214,Tukrah,LY,2022-07-31 23:16:45,32.5341,20.5791,78.55,79,0,4.61
215,Inverell,AU,2022-07-31 23:16:45,-29.7833,151.1167,57.67,78,95,5.01
216,Poplar Bluff,US,2022-07-31 23:16:46,36.757,-90.3929,82.29,79,0,6.91
217,Kondinskoye,RU,2022-07-31 23:16:46,59.6481,67.41,54.37,71,100,9.93
218,Fort Nelson,CA,2022-07-31 23:16:46,58.8053,-122.7002,71.19,60,75,9.22
219,Rocha,UY,2022-07-31 23:15:26,-34.4833,-54.3333,50.2,79,97,5.77
220,Beringovskiy,RU,2022-07-31 23:16:46,63.05,179.3167,50.63,62,93,4.83
221,Vardo,NO,2022-07-31 23:12:42,70.3705,31.1107,51.78,93,100,2.3
222,Fairbanks,US,2022-07-31 23:15:33,64.8378,-147.7164,65.3,81,75,4.61
223,Kavieng,PG,2022-07-31 23:16:47,-2.5744,150.7967,83.55,73,94,13.6
224,Barra Da Estiva,BR,2022-07-31 23:16:47,-13.6261,-41.3269,66.99,57,10,10.07
225,Fare,PF,2022-07-31 23:16:48,-16.7,-151.0167,78.55,71,22,25.86
226,Mehamn,NO,2022-07-31 23:16:48,71.0357,27.8492,55.35,94,100,1.14
227,Daru,PG,2022-07-31 23:16:48,-9.0763,143.2092,78.37,90,63,10.76
228,Ankpa,NG,2022-07-31 23:16:48,7.3706,7.6253,70.63,96,100,8.93
229,San Andres,CO,2022-07-31 23:17:49,12.5847,-81.7006,82.42,74,40,13.8
230,Saldanha,ZA,2022-07-31 23:17:49,-33.0117,17.9442,42.85,79,0,13.96
231,Thompson,CA,2022-07-31 23:15:56,55.7435,-97.8558,59.16,88,100,9.22
232,Taoudenni,ML,2022-07-31 23:17:49,22.6783,-3.9836,96.78,27,74,13.13
233,Dunedin,NZ,2022-07-31 23:17:50,-45.8742,170.5036,45.97,66,2,4.18
234,Olinda,BR,2022-07-31 23:17:50,-8.0089,-34.8553,78.53,73,40,10.36
235,Zabol,AF,2022-07-31 23:17:50,32.25,67.25,72.43,51,1,7.18
236,Samarai,PG,2022-07-31 23:15:10,-10.6167,150.6667,80.76,80,61,11.72
237,Pevek,RU,2022-07-31 23:16:07,69.7008,170.3133,48.78,64,0,12.59
238,Puerto Escondido,MX,2022-07-31 23:17:51,15.85,-97.0667,88.63,58,75,8.05
239,Kununurra,AU,2022-07-31 23:17:51,-15.7667,128.7333,60.78,59,96,0.0
240,Sambava,MG,2022-07-31 23:17:51,-14.2667,50.1667,66.49,91,24,10.18
241,Grand Gaube,MU,2022-07-31 23:16:25,-20.0064,57.6608,68.4,75,7,3.0
242,Auki,SB,2022-07-31 23:17:52,-8.7676,160.7034,83.88,68,9,5.61
243,Voh,NC,2022-07-31 23:17:52,-20.9667,164.7,74.25,63,21,5.44
244,Alta Floresta,BR,2022-07-31 23:17:52,-9.8756,-56.0861,79.32,35,1,1.1
245,Saint Anthony,US,2022-07-31 23:14:00,45.0205,-93.218,84.13,61,75,17.27
246,Cherskiy,RU,2022-07-31 23:17:53,68.75,161.3,67.95,41,17,19.24
247,Menongue,AO,2022-07-31 23:17:53,-14.6585,17.691,55.09,37,4,1.83
248,Kamaishi,JP,2022-07-31 23:17:53,39.2667,141.8833,76.86,84,84,4.07
249,Saint-Augustin,CA,2022-07-31 23:17:53,51.226,-58.6502,71.35,56,85,9.17
250,Kloulklubed,PW,2022-07-31 23:17:54,7.0419,134.2556,73.9,78,100,6.98
251,Shelburne,CA,2022-07-31 23:17:54,44.0787,-80.2041,79.75,42,57,7.92
252,Atar,MR,2022-07-31 23:17:54,20.5169,-13.0499,92.21,41,2,12.03
253,Saint-Philippe,RE,2022-07-31 23:17:55,-21.3585,55.7679,66.22,80,62,14.52
254,Nalut,LY,2022-07-31 23:17:55,30.3333,10.85,83.01,30,1,11.97
255,Panalingaan,PH,2022-07-31 23:17:55,8.7842,117.4231,77.5,91,100,7.45
256,Broadstairs,GB,2022-07-31 23:17:55,51.3591,1.4394,66.79,92,96,3.0
257,Smiltene,LV,2022-07-31 23:17:56,57.4244,25.9016,58.55,92,100,6.22
258,Lac Du Bonnet,CA,2022-07-31 23:17:56,50.2536,-96.0612,59.45,85,100,10.07
259,Santa Isabel,BR,2022-07-31 23:17:56,-23.3156,-46.2214,60.1,87,3,1.72
260,Yerbogachen,RU,2022-07-31 23:16:32,61.2767,108.0108,66.67,80,17,0.49
261,Lucapa,AO,2022-07-31 23:17:57,-8.4192,20.7447,70.77,29,5,3.49
262,Todos Santos,MX,2022-07-31 23:17:57,23.45,-110.2167,90.05,65,97,5.93
263,San Patricio,US,2022-07-31 23:17:57,28.017,-97.5169,93.18,50,50,17.31
264,Hojai,IN,2022-07-31 23:17:58,26.0,92.8667,74.95,96,99,2.55
265,Urucara,BR,2022-07-31 23:17:47,-2.5364,-57.76,75.31,86,56,3.09
266,Cochrane,CA,2022-07-31 23:15:51,51.1834,-114.4687,83.89,49,0,16.11
267,Broken Hill,AU,2022-07-31 23:17:58,-31.95,141.4333,46.8,68,0,6.73
268,Kropotkin,RU,2022-07-31 23:17:58,45.4375,40.5756,75.9,47,0,9.13
269,Mahebourg,MU,2022-07-31 23:17:59,-20.4081,57.7,68.29,83,40,9.22
270,Zhigansk,RU,2022-07-31 23:17:59,66.7697,123.3711,67.44,72,35,4.56
271,Thinadhoo,MV,2022-07-31 23:17:59,0.5333,72.9333,80.73,76,100,19.69
272,Arlit,NE,2022-07-31 23:17:59,18.7369,7.3853,96.62,23,27,13.24
273,Cedar City,US,2022-07-31 23:16:45,37.6775,-113.0619,76.17,44,75,16.11
274,Mexico,PH,2022-07-31 23:17:06,15.0646,120.7198,78.51,85,100,1.83
275,Altay,CN,2022-07-31 23:18:00,47.8667,88.1167,62.17,52,85,5.57
276,Lyubinskiy,RU,2022-07-31 23:18:00,55.1542,72.6925,64.08,97,60,7.09
277,Ukholovo,RU,2022-07-31 23:18:00,53.7929,40.4892,58.91,57,48,5.97
278,Bengkulu,ID,2022-07-31 23:16:18,-3.8004,102.2655,74.91,88,91,4.54
279,Cody,US,2022-07-31 23:19:01,44.5263,-109.0565,92.91,23,0,10.36
280,Lagoa,PT,2022-07-31 23:19:01,39.05,-27.9833,72.5,74,0,6.87
281,Limbang,MY,2022-07-31 23:19:02,4.75,115.0,75.31,98,100,2.51
282,Esperance,AU,2022-07-31 23:19:02,-33.8667,121.9,47.68,60,0,17.22
283,Morondava,MG,2022-07-31 23:19:02,-20.2833,44.2833,71.62,75,1,12.17
284,Ekibastuz,KZ,2022-07-31 23:19:02,51.6667,75.3667,64.31,81,100,10.67
285,Tagusao,PH,2022-07-31 23:19:03,9.1924,117.8141,80.13,81,100,6.02
286,Mareeba,AU,2022-07-31 23:19:03,-17.0,145.4333,70.45,84,100,3.06
287,Harper,LR,2022-07-31 23:19:03,4.375,-7.7169,75.18,81,100,13.42
288,Genhe,CN,2022-07-31 23:19:04,50.7833,121.5167,63.91,91,35,2.48
289,Santa Fe,AR,2022-07-31 23:15:55,-31.6333,-60.7,63.99,61,0,4.54
290,Zhigalovo,RU,2022-07-31 23:19:04,54.8097,105.1578,61.39,98,96,4.16
291,Launceston,AU,2022-07-31 23:19:04,-41.45,147.1667,49.8,90,100,17.27
292,Bartica,GY,2022-07-31 23:19:05,6.4,-58.6167,82.72,96,66,3.36
293,Ixtapa,MX,2022-07-31 23:19:05,20.7,-105.2,87.03,66,100,8.05
294,Benalla,AU,2022-07-31 23:19:05,-36.55,145.9833,47.95,96,77,6.8
295,Evensk,RU,2022-07-31 23:19:06,61.95,159.2333,55.74,76,98,7.92
296,Cap Malheureux,MU,2022-07-31 23:19:06,-19.9842,57.6142,68.47,75,9,1.99
297,Mgandu,TZ,2022-07-31 23:19:06,-5.95,34.1333,62.82,68,72,7.34
298,Dillon,US,2022-07-31 23:19:06,34.4166,-79.3712,95.25,39,63,8.34
299,Abilene,US,2022-07-31 23:14:49,32.4487,-99.7331,103.17,18,20,12.66
300,Annapolis,US,2022-07-31 23:17:00,38.9785,-76.4922,78.21,86,100,5.01
301,Kargat,RU,2022-07-31 23:19:07,55.1956,80.2811,62.42,94,98,9.64
302,Nerchinskiy Zavod,RU,2022-07-31 23:19:07,51.3088,119.61,63.97,89,5,3.71
303,Oriximina,BR,2022-07-31 23:19:07,-1.7656,-55.8661,75.38,83,81,2.44
304,Vila,PT,2022-07-31 23:19:08,42.0304,-8.1588,70.7,60,0,3.85
305,Oranjestad,AW,2022-07-31 23:15:03,12.524,-70.027,84.15,61,20,28.77
306,Boende,CD,2022-07-31 23:19:08,-0.2167,20.8667,73.38,77,92,2.28
307,Balkhash,KZ,2022-07-31 23:19:08,46.844,74.9804,69.66,60,74,8.57
308,Port Pirie,AU,2022-07-31 23:19:09,-33.1833,138.0167,49.37,80,5,9.37
309,Kidal,ML,2022-07-31 23:19:09,18.4411,1.4078,96.71,17,69,6.33
310,Biak,ID,2022-07-31 23:19:09,-0.9131,122.8766,76.1,86,100,4.68
311,Copiapo,CL,2022-07-31 23:19:10,-27.3667,-70.3333,49.69,61,0,1.88
312,Prainha,BR,2022-07-31 23:19:10,-1.8,-53.48,78.35,79,68,0.72
313,Arauca,CO,2022-07-31 23:19:10,7.0847,-70.7591,72.61,97,99,3.53
314,Souillac,MU,2022-07-31 23:19:10,-20.5167,57.5167,68.38,83,40,9.22
315,Muros,ES,2022-07-31 23:19:11,42.7762,-9.0603,72.09,69,1,11.3
316,Reconquista,AR,2022-07-31 23:19:11,-29.15,-59.65,59.67,54,0,6.58
317,Baykit,RU,2022-07-31 23:19:11,61.67,96.37,60.82,91,87,3.56
318,Guangyuan,CN,2022-07-31 23:19:12,32.442,105.823,74.61,92,62,1.39
319,Beitbridge,ZW,2022-07-31 23:19:12,-22.2167,30.0,65.97,36,4,21.61
320,Nemuro,JP,2022-07-31 23:19:12,43.3236,145.575,59.49,89,99,9.06
321,Port Hardy,CA,2022-07-31 23:19:13,50.6996,-127.4199,71.78,68,75,11.5
322,Saskylakh,RU,2022-07-31 23:19:13,71.9167,114.0833,44.62,82,99,11.3
323,The Valley,AI,2022-07-31 23:14:18,18.217,-63.0578,83.82,78,96,18.45
324,Batagay,RU,2022-07-31 23:19:13,67.6333,134.6333,72.81,64,100,6.33
325,Half Moon Bay,US,2022-07-31 23:15:16,37.4636,-122.4286,79.41,75,40,20.71
326,Cordoba,AR,2022-07-31 23:17:07,-31.4135,-64.1811,63.19,41,0,4.61
327,Itarema,BR,2022-07-31 23:20:14,-2.9248,-39.9167,78.85,82,6,14.85
328,Tacna,PE,2022-07-31 23:20:14,-18.0056,-70.2483,54.5,82,100,9.22
329,Vostok,RU,2022-07-31 23:20:14,46.4856,135.8833,71.46,79,100,3.33
330,Ancud,CL,2022-07-31 23:20:15,-41.8697,-73.8203,43.23,82,100,0.98
331,Ahipara,NZ,2022-07-31 23:20:15,-35.1667,173.1667,57.7,59,12,7.61
332,Toktogul,KG,2022-07-31 23:20:15,41.8708,72.9402,67.46,63,100,1.45
333,Semey,KZ,2022-07-31 23:20:16,50.4111,80.2275,62.82,94,40,6.71
334,Kanigoro,ID,2022-07-31 23:20:16,-8.13,112.219,68.41,94,64,2.57
335,Along,IN,2022-07-31 23:20:16,28.1667,94.7667,74.23,99,100,0.56
336,Tuatapere,NZ,2022-07-31 23:20:17,-46.1333,167.6833,44.17,85,84,8.12
337,Vanimo,PG,2022-07-31 23:20:17,-2.6741,141.3028,79.72,86,99,6.35
338,Varzea Grande,BR,2022-07-31 23:20:17,-15.6467,-56.1325,84.07,32,0,4.61
339,Namibe,AO,2022-07-31 23:20:17,-15.1961,12.1522,57.51,82,12,11.3
340,Srednekolymsk,RU,2022-07-31 23:20:18,67.45,153.6833,72.95,35,83,14.76
341,Araouane,ML,2022-07-31 23:20:18,18.9048,-3.5265,92.43,35,35,6.64
342,Prince Rupert,CA,2022-07-31 23:15:52,54.3161,-130.3201,60.89,94,100,5.75
343,Antalaha,MG,2022-07-31 23:20:18,-14.9003,50.2788,66.54,92,34,5.73
344,Tororo,UG,2022-07-31 23:20:19,0.693,34.1809,62.28,88,41,3.04
345,Matongo,TZ,2022-07-31 23:20:19,-2.3833,34.0833,66.52,74,83,3.6
346,Bar Harbor,US,2022-07-31 23:20:19,44.3876,-68.2039,75.94,62,41,11.18
347,Axim,GH,2022-07-31 23:20:20,4.8699,-2.2405,74.48,82,79,12.71
348,Cay,TR,2022-07-31 23:20:20,38.5917,31.0286,68.0,67,0,4.38
349,Donskoye,RU,2022-07-31 23:20:20,45.4552,41.9741,72.63,46,0,10.13
350,Nuuk,GL,2022-07-31 23:20:21,64.1835,-51.7216,47.88,76,18,11.01
351,Nanortalik,GL,2022-07-31 23:20:21,60.1432,-45.2371,47.23,91,70,7.31
352,At-Bashi,KG,2022-07-31 23:20:21,41.1702,75.8106,55.26,56,100,0.76
353,Torbay,CA,2022-07-31 23:15:56,47.6666,-52.7314,70.57,77,20,19.57
354,Bulgan,MN,2022-07-31 23:20:22,48.8125,103.5347,61.84,67,68,1.99
355,Serenje,ZM,2022-07-31 23:20:22,-13.2325,30.2352,54.36,51,0,5.35
356,Mikhaylovskoye,RU,2022-07-31 23:20:22,51.8239,79.7172,62.58,90,86,3.42
357,Concarneau,FR,2022-07-31 23:20:23,47.875,-3.9225,66.49,95,11,6.76
358,Miyako,JP,2022-07-31 23:20:23,39.6367,141.9525,77.52,81,98,2.68
359,Faya,SA,2022-07-31 23:20:23,18.3851,42.4509,68.11,58,77,7.74
360,Katobu,ID,2022-07-31 23:20:23,-4.9408,122.5276,75.47,93,77,5.21
361,Ugoofaaru,MV,2022-07-31 23:20:24,5.6667,73.0,76.77,85,100,32.68
362,Beloha,MG,2022-07-31 23:20:24,-25.1667,45.05,64.22,93,6,2.93
363,Karratha,AU,2022-07-31 23:20:24,-20.7377,116.8463,68.94,75,35,0.78
364,Jinxiang,CN,2022-07-31 23:20:25,27.4327,120.6062,82.58,80,83,2.17
365,Tonder,DK,2022-07-31 23:20:25,54.9331,8.8667,64.44,94,100,4.21
366,Bilma,NE,2022-07-31 23:20:25,18.6853,12.9164,88.59,42,88,3.02
367,Zamora,EC,2022-07-31 23:20:26,-4.0692,-78.9567,87.04,86,80,2.26
368,Tocopilla,CL,2022-07-31 23:16:01,-22.092,-70.1979,62.29,73,22,8.23
369,Caorle,IT,2022-07-31 23:20:26,45.5966,12.8758,75.16,76,2,4.63
370,Nabire,ID,2022-07-31 23:20:26,-3.3667,135.4833,76.23,91,98,2.37
371,Kampene,CD,2022-07-31 23:20:26,-3.6,26.6667,67.66,95,84,1.39
372,Bataipora,BR,2022-07-31 23:20:27,-22.2953,-53.2711,70.65,41,10,5.08
373,Yakeshi,CN,2022-07-31 23:21:27,49.2833,120.7333,65.98,85,90,4.47
374,Nishihara,JP,2022-07-31 23:21:27,26.1842,127.7558,80.26,94,75,17.27
375,Puerto Armuelles,PA,2022-07-31 23:21:28,8.2833,-82.8667,82.38,85,92,7.36
376,Indaial,BR,2022-07-31 23:21:28,-26.8978,-49.2317,53.94,96,0,1.45
377,Hasaki,JP,2022-07-31 23:21:28,35.7333,140.8333,90.28,75,98,1.07
378,Goderich,CA,2022-07-31 23:21:29,43.7501,-81.7165,82.9,66,6,2.91
379,Zhanaozen,KZ,2022-07-31 23:21:29,43.3,52.8,81.05,28,0,9.35
380,Nambutalai,IN,2022-07-31 23:21:29,9.7167,79.0,80.33,81,100,6.93
381,Barrhead,GB,2022-07-31 23:21:29,55.7992,-4.3929,52.84,87,20,6.91
382,Mahibadhoo,MV,2022-07-31 23:21:30,3.7833,72.9667,80.19,75,100,27.29
383,Narimanov,RU,2022-07-31 23:21:30,46.6927,47.8498,71.51,50,17,4.83
384,Sena Madureira,BR,2022-07-31 23:21:30,-9.0656,-68.6569,81.59,52,35,3.38
385,Kousseri,CM,2022-07-31 23:21:31,12.0769,15.0306,79.84,71,100,4.85
386,Kariba,ZW,2022-07-31 23:21:31,-16.5167,28.8,61.66,39,3,3.94
387,Lagos,NG,2022-07-31 23:20:48,6.5833,3.75,75.16,85,100,9.62
388,Hambantota,LK,2022-07-31 23:21:31,6.1241,81.1185,78.53,86,100,17.6
389,Caiaponia,BR,2022-07-31 23:21:32,-16.9567,-51.8103,70.61,29,0,3.51
390,Tonstad,NO,2022-07-31 23:21:32,58.6626,6.7169,53.71,85,66,6.22
391,Poum,NC,2022-07-31 23:21:32,-20.2333,164.0167,72.36,71,66,12.1
392,Arcata,US,2022-07-31 23:21:33,40.8665,-124.0828,80.67,81,100,5.75
393,Constitucion,CL,2022-07-31 23:16:59,-35.3333,-72.4167,49.84,90,71,4.76
394,Warmbad,NA,2022-07-31 23:21:33,-28.45,18.7333,48.85,28,0,9.44
395,Karasjok,NO,2022-07-31 23:21:33,69.4719,25.5112,52.38,92,100,3.8
396,Magistralnyy,RU,2022-07-31 23:21:34,56.1725,107.4458,60.89,97,100,2.71
397,Yichun,CN,2022-07-31 23:21:34,47.7,128.9,73.58,86,10,2.24
398,Remontnoye,RU,2022-07-31 23:21:34,46.5614,43.6501,78.76,48,0,7.0
399,Turan,VN,2022-07-31 23:21:34,16.0678,108.2208,76.98,94,20,2.3
400,Yook,PH,2022-07-31 23:21:35,13.2261,121.964,80.87,85,100,7.11
401,Dongsheng,CN,2022-07-31 23:21:35,39.8161,109.9776,70.86,63,23,12.71
402,Itupiranga,BR,2022-07-31 23:20:22,-5.1347,-49.3267,79.12,79,99,1.66
403,Xinmin,CN,2022-07-31 23:21:35,41.9908,122.8253,77.18,91,44,6.55
404,Santa Cruz De Tenerife,ES,2022-07-31 23:21:36,28.4682,-16.2546,80.58,90,100,15.01
405,Dalvik,IS,2022-07-31 23:21:36,65.9702,-18.5286,51.73,97,100,7.02
406,Henties Bay,NA,2022-07-31 23:21:36,-22.116,14.2845,53.53,76,72,2.51
407,Yuancheng,CN,2022-07-31 23:21:37,36.652,107.7896,68.49,78,28,5.44
408,Santa Lucia,ES,2022-07-31 23:18:40,27.9117,-15.5407,65.77,78,20,28.77
409,Verkhoyansk,RU,2022-07-31 23:21:37,67.5447,133.385,73.58,60,100,10.22
410,Camacha,PT,2022-07-31 23:21:37,33.0833,-16.3333,67.42,83,40,10.36
411,Paamiut,GL,2022-07-31 23:21:38,61.994,-49.6678,46.35,85,78,7.63
412,Fukuma,JP,2022-07-31 23:21:38,33.7667,130.4667,89.6,68,10,6.26
413,Longyearbyen,SJ,2022-07-31 23:21:38,78.2186,15.6401,49.84,76,0,12.66
414,Fiumicino,IT,2022-07-31 23:21:38,41.7675,12.2291,81.63,76,0,5.75
415,Cabo San Lucas,MX,2022-07-31 23:21:39,22.8909,-109.9124,88.11,72,40,8.05
416,Kapit,MY,2022-07-31 23:21:39,2.0167,112.9333,73.2,98,100,1.32
417,Andros Town,BS,2022-07-31 23:21:39,24.7,-77.7667,84.16,75,21,17.02
418,Stara Vyzhivka,UA,2022-07-31 23:21:40,51.4376,24.44,61.7,97,100,5.5
419,Cerete,CO,2022-07-31 23:20:08,8.8848,-75.7905,80.49,89,100,5.77
420,Anaconda,US,2022-07-31 23:22:40,46.1285,-112.9423,92.39,12,9,14.12
421,Ingraj Bazar,IN,2022-07-31 23:22:40,25.0,88.15,81.79,82,100,2.75
422,Hobyo,SO,2022-07-31 23:22:41,5.3505,48.5268,75.36,86,0,23.98
423,Guerrero Negro,MX,2022-07-31 23:22:41,27.9769,-114.0611,84.18,45,13,13.29
424,Hervey Bay,AU,2022-07-31 23:22:41,-25.2986,152.8535,66.02,80,100,3.0
425,Puksoozero,RU,2022-07-31 23:22:42,62.5903,40.6066,50.9,91,48,4.45
426,Pacific Grove,US,2022-07-31 23:20:52,36.6177,-121.9166,83.39,80,0,11.5
427,Bernalillo,US,2022-07-31 23:22:42,35.05,-106.6673,91.35,36,75,5.99
428,Atikokan,CA,2022-07-31 23:22:42,48.7555,-91.6216,65.93,92,100,8.81
429,Kudahuvadhoo,MV,2022-07-31 23:21:19,2.6708,72.8944,80.82,74,100,24.65
430,Kargasok,RU,2022-07-31 23:22:43,59.0556,80.8572,51.01,78,100,10.87
431,Buhovo,BG,2022-07-31 23:22:43,42.7667,23.5667,63.36,68,0,9.22
432,Kirakira,SB,2022-07-31 23:22:43,-10.4544,161.9205,83.41,75,26,12.26
433,Marsala,IT,2022-07-31 23:22:43,37.7966,12.4352,78.93,78,0,3.44
434,Teguldet,RU,2022-07-31 23:22:44,57.3064,88.1667,60.57,98,58,6.31
435,Itoman,JP,2022-07-31 23:22:44,26.1247,127.6694,80.98,94,75,17.27
436,Hastings,GB,2022-07-31 23:22:44,50.8552,0.5729,66.92,98,36,4.29
437,Bandarbeyla,SO,2022-07-31 23:22:45,9.4942,50.8122,76.05,80,58,28.32
438,Sorland,NO,2022-07-31 23:22:17,67.667,12.6934,53.46,87,98,10.49
439,Werda,BW,2022-07-31 23:22:45,-25.2667,23.2833,57.83,24,72,15.97
440,Mwinilunga,ZM,2022-07-31 23:22:45,-11.7358,24.4293,57.04,37,0,2.42
441,Tilichiki,RU,2022-07-31 23:22:46,60.4667,166.1,54.61,65,78,4.38
442,Plymouth,US,2022-07-31 23:21:07,41.8334,-70.8328,81.21,65,0,8.05
443,Raahe,FI,2022-07-31 23:22:46,64.6833,24.4833,53.69,85,69,10.51
444,Olafsvik,IS,2022-07-31 23:22:46,64.8945,-23.7142,48.11,65,100,10.13
445,Xam Nua,LA,2022-07-31 23:22:47,20.4197,104.0439,67.14,99,94,1.14
446,Abha,SA,2022-07-31 23:22:38,18.2164,42.5053,67.82,82,0,0.0
447,Santa Maria,BR,2022-07-31 23:22:47,-29.6842,-53.8069,51.1,100,1,0.0
448,Kruisfontein,ZA,2022-07-31 23:22:47,-34.0033,24.7314,45.46,80,1,7.2
449,Teguise,ES,2022-07-31 23:22:48,29.0605,-13.564,70.02,83,40,14.97
450,Dzilam Gonzalez,MX,2022-07-31 23:22:48,21.2833,-88.9333,87.87,63,87,9.84
451,Igarka,RU,2022-07-31 23:22:48,67.4667,86.5833,44.85,71,5,20.65
452,Brae,GB,2022-07-31 23:22:48,60.3964,-1.353,51.31,83,34,9.08
453,Mount Gambier,AU,2022-07-31 23:22:49,-37.8333,140.7667,49.32,92,55,12.66
454,Urumqi,CN,2022-07-31 23:22:49,43.801,87.6005,70.75,56,0,4.47
455,Yatou,CN,2022-07-31 23:22:49,37.15,122.3833,77.2,97,88,12.21
456,Sesheke,ZM,2022-07-31 23:22:50,-17.4759,24.2968,56.01,30,4,5.06
457,Buchanan,LR,2022-07-31 23:22:50,5.8808,-10.0467,75.97,85,100,7.31
458,Richards Bay,ZA,2022-07-31 23:20:56,-28.783,32.0377,62.01,73,100,9.8
459,Pilar Do Sul,BR,2022-07-31 23:22:50,-23.8131,-47.7164,54.07,79,0,5.7
460,Iqaluit,CA,2022-07-31 23:22:51,63.7506,-68.5145,50.7,76,75,11.01
461,Grindavik,IS,2022-07-31 23:22:51,63.8424,-22.4338,49.95,87,75,10.36
462,Valparaiso,CL,2022-07-31 23:19:20,-33.0393,-71.6273,53.24,87,0,4.61
463,Predivinsk,RU,2022-07-31 23:22:51,57.0669,93.4378,61.03,98,46,4.47
464,Pijino,CO,2022-07-31 23:22:52,9.3291,-74.453,84.49,78,100,4.72
465,Nicolas Bravo,MX,2022-07-31 23:23:52,18.45,-88.9167,81.05,80,98,4.03
466,Ryotsu,JP,2022-07-31 23:23:52,38.0833,138.4333,85.37,69,78,3.69
467,Kuala Terengganu,MY,2022-07-31 23:23:53,5.3302,103.1408,76.95,94,20,2.3
468,Flin Flon,CA,2022-07-31 23:23:53,54.7682,-101.865,67.84,60,75,9.22
469,Bereda,ES,2022-07-31 23:23:53,43.2686,-7.5406,65.57,100,49,7.38
470,Mongo,TD,2022-07-31 23:23:54,12.1844,18.693,75.92,81,96,5.3
471,Sao Miguel Do Araguaia,BR,2022-07-31 23:23:54,-13.275,-50.1628,77.9,20,0,0.96
472,Ingham,US,2022-07-31 23:23:54,42.6,-84.3833,82.35,56,0,5.75
473,Gat,IL,2022-07-31 23:23:54,31.61,34.7642,76.41,73,3,0.6
474,Nizhnevartovsk,RU,2022-07-31 23:23:55,60.9344,76.5531,48.22,100,0,4.47
475,Chulumani,BO,2022-07-31 23:23:55,-16.4096,-67.5263,63.73,78,17,2.75
476,Bairiki,KI,2022-07-31 23:23:55,1.3292,172.9752,82.4,83,20,8.05
477,Wentzville,US,2022-07-31 23:23:56,38.8114,-90.8529,85.68,72,87,3.0
478,Celestun,MX,2022-07-31 23:23:56,20.8667,-90.4,83.62,76,100,16.73
479,Tabuk,PH,2022-07-31 23:23:56,17.4189,121.4443,76.84,89,100,1.57
480,Mozelos,PT,2022-07-31 23:23:56,41.8677,-8.3978,80.24,44,0,4.41
481,Port Hawkesbury,CA,2022-07-31 23:23:57,45.6169,-61.3485,75.15,72,0,4.61
482,Butka,RU,2022-07-31 23:23:57,56.7179,63.7866,58.15,99,21,5.84
483,Atasu,KZ,2022-07-31 23:23:57,48.6814,71.6433,60.91,66,58,1.59
484,Niesky,DE,2022-07-31 23:23:58,51.2924,14.8211,69.48,81,68,4.07
485,Kings Mountain,US,2022-07-31 23:23:58,35.2451,-81.3412,88.72,69,20,5.75
486,Qandala,SO,2022-07-31 23:23:58,11.472,49.8728,89.06,51,52,14.5
487,Sheregesh,RU,2022-07-31 23:23:59,52.9209,87.9869,56.05,94,97,2.24
488,Berdigestyakh,RU,2022-07-31 23:23:59,62.0989,126.6992,69.08,85,99,8.25
489,Yumen,CN,2022-07-31 23:23:59,40.2833,97.2,71.04,38,25,8.75
490,Miles City,US,2022-07-31 23:23:59,46.4083,-105.8406,90.57,23,0,5.75
491,Strezhevoy,RU,2022-07-31 23:24:00,60.7333,77.5889,48.36,83,53,8.39
492,Creel,MX,2022-07-31 23:24:00,27.75,-107.6333,65.77,63,99,5.1
493,Barkot,IN,2022-07-31 23:24:00,30.8167,78.2,68.04,93,48,2.44
494,Boguchany,RU,2022-07-31 23:24:01,58.3814,97.4531,64.6,97,99,3.31
495,Alenquer,BR,2022-07-31 23:21:02,-1.9417,-54.7383,77.63,85,76,2.89
496,Wau,SS,2022-07-31 23:24:01,7.7029,27.9953,70.36,95,95,3.44
497,Yavaros,MX,2022-07-31 23:21:21,26.7,-109.5167,91.45,51,64,10.11
498,Hay River,CA,2022-07-31 23:24:01,60.8156,-115.7999,64.38,52,20,9.22
499,Bongandanga,CD,2022-07-31 23:24:02,1.5,21.05,72.79,82,100,1.34
500,Los Llanos De Aridane,ES,2022-07-31 23:22:35,28.6585,-17.9182,69.55,94,100,16.11
501,Trincomalee,LK,2022-07-31 23:24:02,8.5711,81.2335,79.61,83,100,17.67
502,Businga,CD,2022-07-31 23:24:02,3.3333,20.8833,70.23,90,97,1.28
503,Villacarrillo,ES,2022-07-31 23:24:03,38.1156,-3.0848,79.95,20,0,4.09
504,Ngunguru,NZ,2022-07-31 23:24:03,-35.6167,174.5,56.79,55,2,8.79
505,Palotina,BR,2022-07-31 23:24:03,-24.2839,-53.84,63.27,58,1,6.4
506,Bonito,BR,2022-07-31 23:24:04,-21.1211,-56.4819,75.52,40,61,2.26
507,Bealanana,MG,2022-07-31 23:24:04,-14.55,48.7333,53.31,98,53,3.56
508,Gamovo,RU,2022-07-31 23:24:04,57.8652,56.1056,62.22,94,40,2.24
509,Jalpan,MX,2022-07-31 23:24:05,21.2333,-99.4833,82.67,52,67,5.95
510,Caborca,MX,2022-07-31 23:24:05,30.5838,-111.101,90.21,43,83,7.47
511,Solnechnyy,RU,2022-07-31 23:24:05,50.7214,136.6319,73.69,75,35,6.06
512,Praia,CV,2022-07-31 23:24:05,14.9215,-23.5087,77.54,73,75,12.66
513,Aklavik,CA,2022-07-31 23:24:42,68.2191,-135.0107,66.02,46,90,1.66
514,Weihe,CN,2022-07-31 23:25:06,32.9952,105.3247,67.6,98,97,2.37
515,Zhangye,CN,2022-07-31 23:25:06,38.9342,100.4517,72.0,58,64,4.68
516,Ketchikan,US,2022-07-31 23:24:05,55.3422,-131.6461,63.07,94,100,6.91
517,Thyboron,DK,2022-07-31 23:25:07,56.6985,8.2124,60.19,85,100,18.75
518,Unidos,PH,2022-07-31 23:25:07,8.5942,123.668,78.84,85,100,3.56
519,Grand-Lahou,CI,2022-07-31 23:25:07,5.1367,-5.0242,75.27,81,90,13.27
520,Milkovo,RU,2022-07-31 23:25:07,54.7167,158.6167,54.54,88,97,2.24
521,Airai,TL,2022-07-31 23:25:08,-8.9266,125.4092,60.4,87,61,2.77
522,Ishigaki,JP,2022-07-31 23:25:08,24.3448,124.1572,78.93,94,75,5.75
523,Anadyr,RU,2022-07-31 23:24:15,64.75,177.4833,59.5,54,0,8.95
524,Rongcheng,CN,2022-07-31 23:25:08,30.634,117.8517,80.02,88,2,1.45
525,Posse,BR,2022-07-31 23:25:09,-14.0931,-46.3694,73.06,24,3,1.63
526,Husavik,IS,2022-07-31 23:24:02,66.0449,-17.3389,42.26,91,100,14.54
527,Muscat,OM,2022-07-31 23:25:09,23.6139,58.5922,89.62,69,59,2.53
528,Apaseo El Alto,MX,2022-07-31 23:25:09,20.45,-100.6167,76.95,51,73,0.96
529,Calbuco,CL,2022-07-31 23:25:10,-41.768,-73.1273,45.61,81,100,2.26
530,Touros,BR,2022-07-31 23:25:10,-5.1989,-35.4608,76.08,84,40,13.6
531,Coihaique,CL,2022-07-31 23:20:57,-45.5752,-72.0662,38.01,70,100,6.91
532,Comodoro Rivadavia,AR,2022-07-31 23:24:20,-45.8667,-67.5,40.86,48,0,3.44
533,Masuguru,TZ,2022-07-31 23:25:10,-11.3667,38.4167,69.49,67,22,3.67
534,Carutapera,BR,2022-07-31 23:25:11,-1.195,-46.02,75.96,93,72,5.75
535,Bozoum,CF,2022-07-31 23:25:11,6.3193,16.3799,67.06,96,99,4.94
536,Charlestown,AU,2022-07-31 23:25:12,-32.95,151.6667,58.73,79,99,7.0
537,Odweyne,SO,2022-07-31 23:25:12,9.4092,45.064,73.27,53,98,21.3
538,Payson,US,2022-07-31 23:22:45,40.0444,-111.7321,98.58,26,0,11.01
539,Cedar Rapids,US,2022-07-31 23:22:35,42.0083,-91.6441,82.87,66,20,11.5
540,Port Hedland,AU,2022-07-31 23:25:12,-20.3167,118.5667,62.65,67,28,5.75
541,Narsaq,GL,2022-07-31 23:25:13,60.9167,-46.05,55.62,80,84,4.09
542,Waingapu,ID,2022-07-31 23:25:13,-9.6567,120.2641,74.93,85,29,6.15
543,Shimoda,JP,2022-07-31 23:23:47,34.6667,138.95,87.1,77,83,10.13
544,Lensk,RU,2022-07-31 23:25:13,60.7253,114.9278,61.38,94,100,3.87
545,Lantawan,PH,2022-07-31 23:25:14,10.6167,123.9833,76.69,81,100,0.94
546,Irati,BR,2022-07-31 23:25:14,-25.4672,-50.6511,53.28,74,0,0.67
547,Lodwar,KE,2022-07-31 23:25:14,3.1191,35.5973,81.32,52,64,8.97
548,Hohhot,CN,2022-07-31 23:20:35,40.8106,111.6522,71.89,68,0,4.47
549,Lorengau,PG,2022-07-31 23:25:15,-2.0226,147.2712,84.79,70,100,11.97
550,Sandnessjoen,NO,2022-07-31 23:25:15,66.0217,12.6316,57.72,90,100,5.01
551,Lebanon,US,2022-07-31 23:23:43,36.2081,-86.2911,84.25,78,75,8.05
552,George Town,MY,2022-07-31 23:24:41,5.4112,100.3354,81.9,87,40,5.75
553,Algodones,MX,2022-07-31 23:25:15,20.3888,-105.4773,82.94,61,91,7.0
554,Turukhansk,RU,2022-07-31 23:25:16,65.8167,87.9833,46.4,76,99,14.99
555,Takaungu,KE,2022-07-31 23:25:16,-3.6837,39.8566,72.09,83,2,12.62
556,Polyarnyy,RU,2022-07-31 23:25:16,69.1989,33.4478,53.6,92,64,9.44
557,Murray Bridge,AU,2022-07-31 23:25:17,-35.1167,139.2667,54.12,77,2,13.09
558,Newport,GB,2022-07-31 23:23:12,51.5877,-2.9984,65.01,78,58,7.09
559,Flinders,AU,2022-07-31 23:25:13,-34.5833,150.8552,58.17,79,79,5.99
560,Wattegama,LK,2022-07-31 23:22:26,6.7989,81.4808,75.15,89,100,6.17
561,Tarauaca,BR,2022-07-31 23:26:17,-8.1614,-70.7656,81.88,61,99,1.99
562,La Peca,PE,2022-07-31 23:26:18,-5.6111,-78.435,75.97,66,40,4.27
563,Aasiaat,GL,2022-07-31 23:24:16,68.7098,-52.8699,40.84,93,57,8.79
564,Kushiro,JP,2022-07-31 23:26:18,42.975,144.3747,67.15,82,75,5.75
565,Vao,NC,2022-07-31 23:26:18,-22.6667,167.4833,69.28,77,100,26.22
566,Marrakesh,MA,2022-07-31 23:25:02,31.6315,-8.0083,95.07,29,40,4.61
567,Belmonte,BR,2022-07-31 23:26:19,-15.8631,-38.8828,72.7,83,2,6.49
568,Marawi,PH,2022-07-31 23:26:19,7.9986,124.2928,71.2,87,97,2.21
569,Novouzensk,RU,2022-07-31 23:26:19,50.4592,48.1431,69.24,73,21,10.54
570,Maiduguri,NG,2022-07-31 23:26:20,11.8464,13.1603,81.28,62,100,7.56
571,Kashan,IR,2022-07-31 23:26:20,33.9831,51.4364,87.39,30,0,11.5
572,Mpanda,TZ,2022-07-31 23:26:20,-6.3655,31.0409,71.92,54,89,2.46
573,Yuzhnyy,RU,2022-07-31 23:26:20,53.2542,83.6936,66.58,68,40,6.71
574,Forssa,FI,2022-07-31 23:26:21,60.8146,23.6215,52.68,84,30,3.8
575,Rathenow,DE,2022-07-31 23:26:21,52.6066,12.337,66.11,96,100,5.48
576,Ceres,US,2022-07-31 23:26:21,37.5949,-120.9577,99.81,40,0,12.66
577,Revelstoke,CA,2022-07-31 23:25:34,50.9832,-118.2023,78.82,53,0,4.61
578,Huilong,CN,2022-07-31 23:26:22,31.8111,121.655,83.93,86,3,10.02
579,Pontianak,ID,2022-07-31 23:26:22,-0.0333,109.3333,75.18,88,20,4.61
580,Ambon,ID,2022-07-31 23:21:39,-3.6954,128.1814,78.94,94,20,4.61
581,Mayo,US,2022-07-31 23:26:22,38.8876,-76.5119,77.97,86,100,1.01
582,Izumo,JP,2022-07-31 23:26:23,35.3667,132.7667,87.75,74,75,2.3
583,Rawson,AR,2022-07-31 23:26:23,-43.3002,-65.1023,48.0,71,98,7.85
